"","condition","study_accession","sample_title"
"GSM496089","other","PRJNA395363","GSM496089"
"GSM496090","other","PRJNA395363","GSM496090"
"GSM496091","other","PRJNA395363","GSM496091"
"GSM496092","other","PRJNA395363","GSM496092"
"GSM496093","other","PRJNA395363","GSM496093"
"GSM496094","other","PRJNA395363","GSM496094"
"GSM496095","other","PRJNA395363","GSM496095"
"GSM496096","other","PRJNA395363","GSM496096"
"GSM496113","senescent","PRJNA395363","GSM496113"
"GSM496114","senescent","PRJNA395363","GSM496114"
"GSM496115","senescent","PRJNA395363","GSM496115"
"GSM496116","senescent","PRJNA395363","GSM496116"
"GSM496117","senescent","PRJNA395363","GSM496117"
"GSM496118","senescent","PRJNA395363","GSM496118"
"GSM496119","senescent","PRJNA395363","GSM496119"
"GSM496120","senescent","PRJNA395363","GSM496120"
"GSM496121","other","PRJNA395363","GSM496121"
"GSM496122","other","PRJNA395363","GSM496122"
"GSM496123","senescent","PRJNA395363","GSM496123"
"GSM496124","senescent","PRJNA395363","GSM496124"
"GSM496125","senescent","PRJNA395363","GSM496125"
"GSM496126","senescent","PRJNA395363","GSM496126"
"GSM402232","other","PRJNA115473","GSM402232"
"GSM402233","other","PRJNA115473","GSM402233"
"GSM402234","senescent","PRJNA115473","GSM402234"
"GSM402235","senescent","PRJNA115473","GSM402235"
"GSM402236","other","PRJNA115473","GSM402236"
"GSM402237","other","PRJNA115473","GSM402237"
"GSM402238","senescent","PRJNA115473","GSM402238"
"GSM402239","senescent","PRJNA115473","GSM402239"
"GSM2221645","other","PRJNA327413","GSM2221645"
"GSM2221646","other","PRJNA327413","GSM2221646"
"GSM2221647","other","PRJNA327413","GSM2221647"
"GSM2221648","other","PRJNA327413","GSM2221648"
"GSM2221649","senescent","PRJNA327413","GSM2221649"
"GSM2221650","senescent","PRJNA327413","GSM2221650"
"GSM2221651","senescent","PRJNA327413","GSM2221651"
"GSM2221652","senescent","PRJNA327413","GSM2221652"
"GSM302414","other","PRJNA105815","GSM302414"
"GSM302415","senescent","PRJNA105815","GSM302415"
"GSM302416","other","PRJNA105815","GSM302416"
"GSM302417","senescent","PRJNA105815","GSM302417"
"GSM2667926","other","PRJNA390490","GSM2667926"
"GSM2667927","other","PRJNA390490","GSM2667927"
"GSM2667928","other","PRJNA390490","GSM2667928"
"GSM2667932","senescent","PRJNA390490","GSM2667932"
"GSM2667933","senescent","PRJNA390490","GSM2667933"
"GSM2667934","senescent","PRJNA390490","GSM2667934"
"GSM2046427","other","PRJNA309835","GSM2046427"
"GSM2046428","other","PRJNA309835","GSM2046428"
"GSM2046429","other","PRJNA309835","GSM2046429"
"GSM2046430","senescent","PRJNA309835","GSM2046430"
"GSM2046431","senescent","PRJNA309835","GSM2046431"
"GSM2046432","senescent","PRJNA309835","GSM2046432"
"GSM2046433","other","PRJNA309835","GSM2046433"
"GSM2046434","other","PRJNA309835","GSM2046434"
"GSM2046435","other","PRJNA309835","GSM2046435"
"GSM2046436","senescent","PRJNA309835","GSM2046436"
"GSM2046437","senescent","PRJNA309835","GSM2046437"
"GSM2046438","senescent","PRJNA309835","GSM2046438"
"GSM2046439","other","PRJNA309835","GSM2046439"
"GSM2046440","other","PRJNA309835","GSM2046440"
"GSM2046441","other","PRJNA309835","GSM2046441"
"GSM2046442","senescent","PRJNA309835","GSM2046442"
"GSM2046443","senescent","PRJNA309835","GSM2046443"
"GSM2046444","senescent","PRJNA309835","GSM2046444"
